ID,REST: Monthly Sales MOD,REST: Monthly rent MOD,REST: Monthly Expenses MOD,REST: Dividends MOD,REST: Staff size MOD,REST: No Wtr MOD,REST: No Ktch Wkr MOD,REST: No tables MOD,REST: Total Capital MOD,REST: Total Partners MOD,REST: No Act Part MOD,REST:  No Pass Part MOD,REST: Applicant invest yr MOD,LRC: Did the applicant apply for Laborer's Return Certificate? MOD,MRC: Did the applicant apply for Merchant's Return Certificate? MOD,MRC: Total number of witnesses
D8E7S,4000.0,345.0,2662.95,,4.0,1.0,3.0,18.0,6000.0,6.0,3.0,3.0,1928.0,0.0,1.0,4.0
60H40,,2000.0,3400.19,,30.0,18.0,12.0,200.0,90000.0,88.0,8.0,80.0,1924.0,0.0,1.0,2.0
ZYUTZ,,2141.66,3452.51,20.0,30.0,18.0,12.0,80.99,110000.0,149.0,12.0,137.0,1926.0,0.0,1.0,4.0
SDHXZ,,,1280.2,,8.31,7.84,2.12,35.7,,6.74,3.48,1.64,,0.0,0.0,
MRRKN,,,1280.2,,8.31,7.84,2.12,35.7,,6.74,3.48,1.64,,0.0,0.0,
8E75A,,,1280.2,,8.31,7.84,2.11,35.7,,6.74,3.48,1.64,,0.0,1.0,2.0
YX2WP,,,1280.2,,8.31,7.84,2.12,35.7,,6.74,3.48,1.64,,0.0,0.0,
L4RN6,,,1960.64,,9.88,7.65,0.97,35.7,,5.0,5.0,1.64,1920.0,0.0,1.0,2.0
EHACO,,,1209.97,,8.31,8.32,1.78,35.7,,5.0,2.99,1.64,1920.0,0.0,1.0,1.0
I4VDW,,,1280.2,,8.31,7.84,2.11,35.7,,6.74,3.48,1.64,,0.0,1.0,2.0
V4HQX,,,1000.0,90.0,21.0,13.0,8.0,38.21,30440.0,13.52,3.23,1.64,1919.0,0.0,1.0,8.0
GPIPA,,2141.66,3424.52,20.0,30.0,18.0,12.0,80.99,110000.0,149.0,12.0,137.0,1926.0,0.0,1.0,3.0
6CZQT,,,2572.3,,11.46,7.97,1.87,100.0,20450.0,44.0,5.0,39.0,1911.0,0.0,1.0,2.0
8YWO0,3000.0,,1795.8,5.0,12.0,6.9,4.21,20.0,15000.0,5.0,2.11,1.64,1919.0,0.0,1.0,2.0
AD3M7,,,1280.2,,8.31,7.84,2.12,35.7,,6.74,3.48,1.64,,0.0,0.0,
K12DD,,,1283.27,,10.1,7.84,2.12,35.7,,6.74,3.48,1.64,,0.0,1.0,3.0
DZV20,3000.0,2042.0,3610.16,,60.0,14.86,12.89,38.21,99500.0,40.0,5.0,35.0,1921.0,0.0,1.0,3.0
9GAD9,8000.0,500.0,5952.64,2.0,14.0,7.0,7.0,75.0,28000.0,29.0,4.0,25.0,1927.0,0.0,1.0,2.0
CFRVF,,2000.0,3400.19,,30.0,18.0,12.0,200.0,90000.0,88.0,8.0,80.0,1924.0,0.0,1.0,2.0
JV6WH,,,1280.2,,8.31,7.84,2.12,35.7,,6.74,3.48,1.64,,0.0,0.0,
Z4NHN,,,1280.2,,8.31,7.84,2.12,35.7,,6.74,3.48,1.64,,0.0,0.0,
DLBL9,,,1280.2,,8.31,7.84,2.12,35.7,,6.74,3.48,1.64,,0.0,1.0,
BX03C,,,1280.2,,8.31,7.84,2.12,35.7,,6.74,3.48,1.64,,0.0,1.0,
8BR8J,8333.0,583.0,4676.58,,15.93,7.91,2.08,35.7,,30.0,1.0,29.0,1920.0,0.0,1.0,2.0
KJB5P,,,1280.2,,8.31,7.84,2.12,35.7,,6.74,3.48,1.64,,0.0,0.0,
OACOE,,,1275.96,,7.29,9.26,2.25,25.0,10400.0,6.74,2.83,1.64,1922.0,1.0,0.0,
8S7I4,,,1280.2,,8.31,7.84,2.12,35.7,,6.74,3.48,1.64,,0.0,0.0,
OSPCF,,,1280.2,,8.31,7.84,2.12,35.7,,6.74,3.48,1.64,,0.0,0.0,
U08TD,,,1227.52,,8.31,7.84,2.3,35.7,,6.74,3.48,1.64,1912.0,1.0,0.0,
3BRMP,,,1280.2,,8.31,7.84,2.12,35.7,,6.74,3.48,1.64,,0.0,1.0,
RCCFX,75000.0,2042.0,4795.3,,25.75,9.17,2.09,35.7,99500.0,60.0,4.0,48.87,1921.0,0.0,1.0,3.0
0CE69,,2042.0,2487.46,,24.39,8.5,1.34,35.7,150000.0,32.43,6.0,1.64,1921.0,0.0,1.0,3.0
QG542,,,1280.2,,8.31,7.84,2.12,35.7,,6.74,3.48,1.64,,1.0,0.0,
63TXI,,,1280.2,,8.31,7.84,2.12,35.7,,6.74,3.48,1.64,,1.0,0.0,
QNNG2,,,1280.2,,8.31,7.84,2.12,35.7,,6.74,3.48,1.64,,0.0,0.0,
IP0CO,,,1280.2,,8.31,7.84,2.12,35.7,,6.74,3.48,1.64,,1.0,0.0,
TGZAE,1000.0,40.0,1573.23,50.0,6.41,1.0,3.02,8.0,1600.0,4.0,3.0,1.0,1918.0,0.0,1.0,2.0
L4N60,8000.0,500.0,4546.25,,18.0,12.0,6.0,90.0,20000.0,6.0,2.0,4.0,1921.0,0.0,1.0,2.0
KQPTJ,5000.0,375.0,5849.91,16.0,7.0,4.0,3.0,45.0,15000.0,24.0,6.0,18.0,1914.0,0.0,1.0,2.0
UELBA,,200.0,3092.75,28.0,8.14,9.21,0.84,35.7,20000.0,20.0,6.0,14.0,1922.0,0.0,1.0,2.0
SDMB9,4000.0,125.0,2640.95,,8.0,4.0,2.0,17.0,15000.0,5.0,5.0,0.001,1922.0,0.0,1.0,2.0
ONLOM,,,1280.2,,8.31,7.84,2.12,35.7,,6.74,3.48,1.64,,1.0,0.0,
XG9FQ,,,1280.2,,8.31,7.84,2.12,35.7,,6.74,3.48,1.64,,1.0,0.0,
PFKA5,4000.0,150.0,2271.25,,22.0,10.0,12.0,16.0,10000.0,12.0,3.15,3.67,1922.0,0.0,1.0,2.0
AB98M,667.0,,1243.46,,7.95,6.67,2.06,35.7,,6.74,2.87,1.64,1921.0,0.0,1.0,2.0
9RT4W,,,1280.2,,8.31,7.84,2.12,35.7,,6.74,3.48,1.64,,0.0,0.0,
SVGW6,,,1280.2,,8.31,7.84,2.12,35.7,,6.74,3.48,1.64,,0.0,0.0,
7Y1BR,3000.0,125.0,1762.65,,7.0,3.0,4.0,22.0,9000.0,3.0,2.0,1.0,1921.0,0.0,1.0,2.0
QUV30,,,1283.27,,10.1,7.84,2.12,35.7,,6.74,3.48,1.64,,0.0,1.0,3.0
ND9F6,,,1280.2,,8.31,7.84,2.12,35.7,,6.74,3.48,1.64,,1.0,0.0,
2EK4T,,125.0,1605.79,15.0,10.04,9.0,1.91,30.0,10680.0,14.0,3.25,5.82,1917.0,0.0,1.0,2.0
SUNVX,,,2288.0,10.0,8.0,4.0,4.0,35.0,10000.0,10.0,1.0,9.0,1921.0,0.0,1.0,2.0
9AH3C,,725.0,2562.34,,19.0,8.0,11.0,87.0,33500.0,81.0,4.13,42.18,1920.0,0.0,1.0,2.0
I5UCY,,275.0,2986.02,,9.08,8.05,1.41,280.0,17500.0,24.0,5.0,19.0,1917.0,0.0,1.0,2.0
WBVY9,3333.0,125.0,1330.06,,5.0,2.0,3.0,22.0,8000.0,6.0,2.0,4.0,1921.0,0.0,1.0,2.0
8UAYY,,150.0,2481.2,,10.12,5.05,1.14,35.7,,8.0,6.0,2.0,1906.0,0.0,1.0,2.0
MF2GF,,,1280.2,,8.31,7.84,2.12,35.7,,6.74,3.48,1.64,,0.0,0.0,
I981Y,,,1280.2,,8.31,7.84,2.12,35.7,,6.74,3.48,1.64,,0.0,0.0,
WDNX0,,,1280.2,,8.31,7.84,2.12,35.7,,6.74,3.48,1.64,,0.0,0.0,
ONNV0,125.0,,2448.03,,1.0,3.02,1.0,21.27,9500.0,11.0,6.0,5.0,1920.0,1.0,0.0,
TE32V,5250.0,,5354.77,20.0,13.0,7.0,6.0,200.0,20000.0,10.0,5.0,5.0,1920.0,0.0,1.0,4.0
890JS,,,1280.2,,8.31,7.84,2.12,35.7,,6.74,3.48,1.64,,0.0,0.0,
JER71,,,1280.2,,8.31,7.84,2.12,35.7,,6.74,3.48,1.64,,1.0,0.0,
MKQGP,,,1280.2,,8.31,7.84,2.12,35.7,,6.74,3.48,1.64,,1.0,0.0,
QVXUU,,,1319.52,,8.31,8.35,2.15,35.7,,6.74,3.48,1.64,1925.0,1.0,0.0,
I5Y87,9166.0,333.0,5348.54,,4.0,2.0,2.0,46.0,53000.0,11.0,11.0,0.001,1919.0,0.0,1.0,2.0
4NEVN,,,1280.2,,8.31,7.84,2.12,35.7,,6.74,3.48,1.64,,1.0,0.0,
XCD4P,,,1280.2,,8.31,7.84,2.11,35.7,,6.74,3.48,1.64,,0.0,1.0,1.0
ZOLM0,,,1283.27,,10.1,7.84,2.12,35.7,,6.74,3.48,1.64,,0.0,1.0,3.0
JWXYR,,,1280.2,,8.31,7.84,2.12,35.7,,6.74,3.48,1.64,,0.0,0.0,
30SNC,,,1280.2,,8.31,7.84,2.12,35.7,,6.74,3.48,1.64,,1.0,0.0,
VJRTQ,,,1280.2,,8.31,7.84,2.12,35.7,,6.74,3.48,1.64,,0.0,0.0,
C2VK3,,,1280.2,,8.31,7.84,2.12,35.7,,6.74,3.48,1.64,,0.0,0.0,
MJ833,,,1280.2,,8.31,7.84,2.12,35.7,,6.74,3.48,1.64,,0.0,0.0,
HQF5X,,,1280.2,,8.31,7.84,2.12,35.7,,6.74,3.48,1.64,,0.0,0.0,
58VA0,,,1280.2,,8.31,7.84,2.12,35.7,,6.74,3.48,1.64,,1.0,0.0,
SN4Q3,,,1280.2,,8.31,7.84,2.12,35.7,,6.74,3.48,1.64,,1.0,0.0,
4U9EJ,,,1319.52,,8.31,8.35,2.14,35.7,,6.74,3.48,1.64,1928.0,1.0,0.0,
VP4IQ,,,1280.2,,8.31,7.84,2.11,35.7,,6.74,3.48,1.64,,0.0,1.0,1.0
FDDSK,,,1280.2,,8.31,7.84,2.12,35.7,,6.74,3.48,1.64,,0.0,0.0,
WEGSE,,,1280.2,,8.31,7.84,2.12,35.7,,6.74,3.48,1.64,,0.0,1.0,
DAIP0,,,1280.2,,8.31,7.84,2.12,35.7,,6.74,3.48,1.64,,1.0,0.0,
3IE7O,,,1280.2,,8.31,7.84,2.12,35.7,,6.74,3.48,1.64,,0.0,0.0,
63M7U,,,1280.2,,8.31,7.84,2.12,35.7,,6.74,3.48,1.64,,0.0,0.0,
TAFYO,,,1280.2,,8.31,7.84,2.12,35.7,,6.74,3.48,1.64,,0.0,0.0,
RHJEJ,,,1759.47,20.0,8.31,8.25,1.77,35.7,,12.0,3.68,3.67,1916.0,1.0,0.0,
CETMQ,,,2577.7,,11.84,7.17,1.75,35.7,,29.0,4.0,25.0,,0.0,1.0,2.0
ZUJW5,3333.0,300.0,3089.53,30.0,4.0,2.0,2.0,21.27,8000.0,7.0,5.0,2.0,1925.0,0.0,1.0,2.0
U3OUK,,,1230.6,,10.1,7.84,2.18,35.7,,6.74,3.48,1.64,1915.0,0.0,1.0,3.0
RC4YA,,,1280.2,,8.31,7.84,2.11,35.7,,6.74,3.48,1.64,,0.0,1.0,1.0
JCMHS,,,1280.2,,8.31,7.84,2.12,35.7,,6.74,3.48,1.64,,0.0,0.0,
ZMAU2,,,1280.2,,8.31,7.84,2.12,35.7,,6.74,3.48,1.64,,0.0,0.0,
XX2JO,,,1280.2,,8.31,7.84,2.12,35.7,,6.74,3.48,1.64,,0.0,0.0,
VDK69,4000.0,131.0,2000.0,,4.0,2.0,2.0,21.27,6500.0,6.0,5.0,1.0,1912.0,0.0,1.0,3.0
TBIZI,6000.0,317.0,4968.83,15.0,11.0,8.0,3.0,35.7,20450.0,40.0,2.0,38.0,1911.0,0.0,1.0,2.0
PZR1E,,,1280.2,,8.31,7.84,2.12,35.7,,6.74,3.48,1.64,,0.0,0.0,
TGHWM,2100.0,175.0,1500.0,,5.0,3.0,2.0,14.0,4500.0,11.0,2.0,9.0,1917.0,0.0,1.0,2.0
NFM4N,2800.0,45.0,1300.0,40.0,8.0,5.0,3.0,21.27,8000.0,2.0,1.0,1.0,1915.0,0.0,1.0,2.0
H6ECA,,,1280.2,,8.31,7.84,2.12,35.7,,6.74,3.48,1.64,,1.0,0.0,
10TER,,,1311.26,,10.1,7.84,2.12,35.7,,6.74,3.48,1.64,,0.0,1.0,5.0
S2IX2,3000.0,75.0,1300.0,40.0,8.0,4.0,4.0,20.0,3500.0,1.0,1.0,0.001,1918.0,0.0,1.0,2.0
2T6O8,,,1960.64,,9.88,5.68,0.73,35.7,,5.0,5.0,0.001,1920.0,0.0,0.0,
V0EE6,,52.0,2564.63,10.0,9.08,7.53,0.88,21.27,12000.0,24.0,9.0,15.0,1917.0,0.0,1.0,2.0
MP2U2,18333.0,1125.0,5509.73,,14.01,6.96,1.76,150.0,,80.0,5.0,75.0,1920.0,0.0,1.0,2.0
JGBO1,,,1227.52,,8.31,8.35,2.14,35.7,,6.74,3.48,1.64,1920.0,1.0,0.0,
WZIAI,,,1280.2,,8.31,7.84,2.12,35.7,,6.74,3.48,1.64,,0.0,0.0,
I4QP3,3333.0,,2764.79,,7.29,5.15,2.36,21.27,5000.0,7.0,3.0,4.0,1926.0,0.0,1.0,3.0
EJM3W,,,1280.2,,8.31,7.84,2.12,35.7,,6.74,3.48,1.64,,0.0,0.0,
HQO9M,,,1227.52,,8.31,7.87,2.3,35.7,,6.74,3.48,1.64,1902.0,1.0,0.0,
BRI1I,,,1280.2,,8.31,7.84,2.12,35.7,,6.74,3.48,1.64,,1.0,0.0,
NL01Y,,,1227.52,,8.31,7.87,2.3,35.7,,6.74,3.48,1.64,1902.0,1.0,0.0,
C97FZ,833.0,90.0,3000.0,,6.49,6.31,1.88,21.27,6500.0,8.0,3.0,5.0,1913.0,0.0,1.0,4.0
BBKKG,,,1280.2,,8.31,7.84,2.12,35.7,,6.74,3.48,1.64,,1.0,0.0,
D1UVC,,,1280.2,,8.31,7.84,2.12,35.7,,6.74,3.48,1.64,,0.0,0.0,
UBMP1,5000.0,350.0,5490.6,,11.63,6.69,1.34,54.0,30000.0,31.0,8.0,23.0,1922.0,0.0,1.0,4.0
KUKFJ,,,1280.2,,8.31,7.84,2.12,35.7,,6.74,3.48,1.64,,0.0,0.0,
XJR2M,1600.0,125.0,1956.97,,7.67,4.88,2.07,36.0,15000.0,6.0,3.0,3.0,1921.0,0.0,1.0,2.0
808CX,9000.0,285.0,4810.46,50.0,9.0,4.0,5.0,39.0,8000.0,7.0,1.34,2.04,1914.0,0.0,1.0,2.0
48MY6,5000.0,285.0,5440.33,50.0,16.0,8.0,8.0,39.0,8000.0,7.0,4.0,3.0,1914.0,0.0,1.0,2.0
YS3EJ,,,1280.2,,8.31,7.84,2.11,35.7,,6.74,3.48,1.64,,0.0,1.0,2.0
JS7AS,6000.0,,3915.23,,14.0,9.0,5.0,23.78,11000.0,5.0,1.39,1.64,1917.0,1.0,0.0,
KTUAO,,,1217.48,,7.67,9.1,2.12,21.27,11000.0,6.74,2.83,1.64,1917.0,0.0,0.0,
TOHTT,,,1280.2,,8.31,7.84,2.12,35.7,,6.74,3.48,1.64,,0.0,0.0,
94BE5,7000.0,325.0,6053.02,,7.0,2.92,3.82,36.0,30000.0,15.0,4.0,11.0,1922.0,0.0,1.0,2.0
AG1QP,9167.0,80.0,5619.43,,30.0,14.9,13.78,38.21,30000.0,30.0,14.0,16.0,1915.0,0.0,1.0,4.0
P0ZJY,5000.0,225.0,5687.56,15.0,9.0,5.0,2.0,30.0,26000.0,17.0,5.0,12.0,1920.0,0.0,1.0,2.0
3298N,,,1280.2,,8.31,7.84,2.12,35.7,,6.74,3.48,1.64,,1.0,0.0,
UXFXW,2500.0,75.0,1163.69,10.0,6.0,3.0,3.0,13.0,8000.0,4.0,1.0,3.0,1921.0,0.0,1.0,2.0
TY3KA,,,1280.2,,8.31,7.84,2.12,35.7,,6.74,3.48,1.64,,0.0,0.0,
YJKER,,,1280.2,,8.31,7.84,2.12,35.7,,6.74,3.48,1.64,,0.0,0.0,
W6OYG,5000.0,275.0,5000.29,,7.0,3.0,4.0,35.0,16500.0,40.0,1.0,39.0,1920.0,0.0,1.0,
UT8G7,1500.0,150.0,2515.38,10.0,7.29,5.24,2.04,21.27,6000.0,7.0,3.0,4.0,1921.0,0.0,1.0,3.0
FGUYX,,,1280.2,,8.31,7.84,2.12,35.7,,6.74,3.48,1.64,,0.0,0.0,
M9J7T,,,1280.2,,8.31,7.84,2.12,35.7,,6.74,3.48,1.64,,0.0,0.0,
R2UJC,,,1280.2,,8.31,7.84,2.12,35.7,,6.74,3.48,1.64,,0.0,0.0,
URBMZ,4000.0,400.0,2716.06,10.0,9.0,5.0,4.0,25.0,9000.0,10.0,2.0,8.0,1919.0,0.0,1.0,2.0
6B984,,,1280.2,,8.31,7.84,2.12,35.7,,6.74,3.48,1.64,,0.0,0.0,
4F50G,,,1280.2,,8.31,7.84,2.12,35.7,,6.74,3.48,1.64,,0.0,0.0,
RX0FG,,,1280.2,,8.31,7.84,2.12,35.7,,6.74,3.48,1.64,,0.0,0.0,
WGGVE,,,1280.2,,8.31,7.84,2.12,35.7,,6.74,3.48,1.64,,0.0,0.0,
5HQ8B,,,1280.2,,8.31,7.84,2.12,35.7,,6.74,3.48,1.64,,0.0,0.0,
IJNRX,,500.0,2495.07,,28.0,12.0,16.0,29.0,11000.0,28.0,3.49,16.41,1916.0,0.0,1.0,2.0
2MSG4,5000.0,150.0,4866.6,10.0,7.66,4.0,1.66,42.0,17000.0,8.0,5.0,3.0,1918.0,0.0,1.0,3.0
KLYTT,5000.0,150.0,5442.95,10.0,8.0,4.0,4.0,42.0,175000.0,12.0,4.0,8.0,1918.0,0.0,1.0,2.0
1FTJH,2500.0,300.0,2229.99,10.0,14.71,8.09,1.81,21.81,15500.0,42.0,1.0,41.0,1917.0,0.0,1.0,2.0
5FTXP,4167.0,167.0,2050.12,15.0,5.0,4.0,1.0,22.0,10000.0,5.0,5.0,0.001,1919.0,0.0,1.0,2.0
RUHGF,7000.0,625.0,5925.85,10.0,24.0,10.0,14.0,64.0,38500.0,40.0,3.0,37.0,1921.0,0.0,1.0,2.0
Z6BMU,1000.0,50.0,1071.49,,7.29,3.1,1.65,21.27,5000.0,1.0,1.0,0.001,1918.0,0.0,1.0,2.0
RREOT,5833.0,500.0,3916.42,,7.14,5.0,2.79,50.0,,6.74,3.21,1.64,1920.0,0.0,1.0,2.0
GKZO6,3000.0,200.0,2629.15,25.0,20.0,12.0,8.0,60.0,12000.0,9.0,1.71,3.67,1920.0,0.0,1.0,2.0
48BD2,,180.0,1606.22,15.0,10.04,13.0,1.67,26.0,10000.0,12.0,3.25,3.67,1920.0,0.0,1.0,2.0
4GDBV,4000.0,150.0,1768.22,,11.0,5.0,6.0,31.0,28000.0,12.09,2.22,1.64,1920.0,0.0,1.0,2.0
6CBQF,,,1280.2,,8.31,7.84,2.12,35.7,,6.74,3.48,1.64,,0.0,0.0,
39O7H,,,1280.2,,8.31,7.84,2.12,35.7,,6.74,3.48,1.64,,0.0,0.0,
5JP8R,6000.0,84.0,5249.46,,10.0,5.0,5.0,80.0,20000.0,15.0,10.0,5.0,1920.0,0.0,1.0,2.0
IUIX6,,215.0,2770.71,,18.0,12.0,6.0,110.0,21000.0,13.52,5.0,1.64,1920.0,0.0,1.0,2.0
QLUQZ,,,1280.2,,8.31,7.84,2.12,35.7,,6.74,3.48,1.64,,0.0,0.0,
ONSVM,10000.0,,4861.95,10.0,17.0,9.3,8.31,64.0,45000.0,40.0,4.05,21.93,1919.0,0.0,1.0,2.0
3ZVLI,,,1280.2,,8.31,7.84,2.12,35.7,,6.74,3.48,1.64,,1.0,0.0,
C3IG5,,,1280.2,,8.31,7.84,2.12,35.7,,6.74,3.48,1.64,,1.0,0.0,
OVQAX,,150.0,1695.73,,8.0,4.0,4.0,20.0,10000.0,6.0,1.18,1.64,1921.0,0.0,1.0,2.0
V0GOL,,,1227.52,,8.31,7.84,2.15,35.7,,6.74,3.48,1.64,1918.0,1.0,0.0,
I789P,,,1280.2,,8.31,7.84,2.12,35.7,,6.74,3.48,1.64,,1.0,0.0,
74KKV,2500.0,150.0,2955.88,35.0,10.0,6.0,4.0,34.0,9000.0,14.0,4.0,10.0,1919.0,0.0,1.0,2.0
6UM7M,1583.0,50.0,1685.64,,5.0,3.0,2.0,14.0,4000.0,4.0,4.0,0.001,1920.0,0.0,1.0,3.0
0S5H6,8000.0,,5418.44,15.0,17.0,10.0,7.0,40.0,10000.0,9.0,3.0,6.0,1911.0,0.0,1.0,4.0
J4KKZ,14000.0,349.99,4308.23,30.0,14.96,8.58,2.54,90.0,30440.0,19.19,3.53,1.64,1912.0,0.0,1.0,2.0
S1WH1,10000.0,215.0,5236.06,,22.0,12.29,11.79,130.0,21000.0,87.0,4.15,42.18,1919.0,0.0,1.0,2.0
3X638,,150.0,2282.48,30.0,16.0,9.49,8.58,32.0,12000.0,16.0,3.42,7.07,1920.0,0.0,1.0,2.0
286ZU,10500.0,417.0,5471.37,,5.0,3.36,1.93,21.27,10500.0,9.0,4.0,5.0,1920.0,0.0,1.0,3.0
77LV8,4000.0,75.0,1752.08,20.0,9.0,5.0,4.0,25.0,10000.0,5.0,2.0,3.0,1916.0,0.0,1.0,2.0
4E3DO,3750.0,200.0,3475.42,,10.0,6.0,4.0,28.0,11200.0,30.0,3.0,27.0,1918.0,0.0,1.0,2.0
FPPCN,1000.0,75.0,2145.06,,9.0,4.16,4.24,18.0,10000.0,9.0,2.0,3.67,1919.0,0.0,1.0,2.0
TLQXD,,65.0,1724.19,15.0,7.24,7.0,1.91,21.27,5000.0,9.0,1.0,8.0,1912.0,0.0,1.0,2.0
Q6KMO,,,2241.15,25.0,11.0,6.38,4.26,30.0,10000.0,12.0,2.74,3.67,1919.0,0.0,1.0,2.0
SJFY6,,,2542.85,15.0,7.29,8.94,1.47,21.27,10500.0,15.0,4.0,11.0,1918.0,0.0,1.0,2.0
VV8OZ,,200.0,2541.36,10.0,18.0,9.0,9.0,65.0,15000.0,8.0,1.94,2.22,1915.0,0.0,1.0,2.0
2MV1H,,200.0,2541.36,10.0,18.0,9.0,9.0,65.0,15000.0,8.0,1.94,2.22,1915.0,1.0,0.0,
IAD6E,,,1699.02,60.0,19.47,6.69,1.67,35.7,70000.0,4.0,4.0,0.001,1914.0,0.0,1.0,2.0
SE162,,,1782.93,20.0,7.67,10.19,1.8,28.37,18000.0,7.0,2.9,2.04,1920.0,0.0,1.0,2.0
B1UQD,1000.0,125.0,2337.02,50.0,11.39,6.67,2.23,60.0,20000.0,40.0,4.0,36.0,1917.0,0.0,1.0,2.0
N67WN,,,1280.2,,8.31,7.84,2.12,35.7,,6.74,3.48,1.64,,0.0,0.0,
BEM51,,180.0,2261.02,12.0,25.0,10.38,12.23,28.0,12200.0,25.0,3.64,11.07,1919.0,0.0,1.0,2.0
IIJO8,,180.0,2261.02,12.0,11.0,6.35,4.74,28.0,12200.0,25.0,3.43,11.07,1909.0,1.0,0.0,
8IMGC,,,2221.24,5.0,10.0,6.28,4.44,24.0,12000.0,12.0,3.02,3.67,1918.0,0.0,1.0,2.0
E44O6,5000.0,75.0,5319.97,10.0,10.0,4.0,6.0,18.0,5000.0,10.0,3.0,7.0,1912.0,0.0,1.0,2.0
YH2TH,3000.0,150.0,2159.04,10.0,9.0,5.0,4.0,21.27,9000.0,15.0,1.8,5.82,1919.0,0.0,1.0,2.0
N5THB,2000.0,150.0,1948.33,20.0,9.88,4.54,0.83,35.0,,6.0,5.0,1.0,1917.0,0.0,1.0,2.0
2KRLX,1000.0,584.0,2912.6,,19.0,7.34,9.93,48.0,26300.0,13.3,7.0,1.64,1917.0,0.0,1.0,2.0
ICCF8,8000.0,220.0,5798.36,10.0,20.0,10.0,10.0,70.0,22000.0,8.0,3.0,5.0,1920.0,0.0,1.0,2.0
OB4ZG,,,2912.44,10.0,20.0,10.0,10.0,38.21,,8.0,3.0,5.0,,1.0,0.0,
1Y5E9,3333.0,100.0,1315.11,5.0,10.26,9.0,2.41,20.0,,6.74,4.81,1.64,1910.0,0.0,1.0,2.0
Q3BD2,4167.0,,3201.18,20.0,11.0,5.76,3.93,30.0,12000.0,15.0,4.0,11.0,1918.0,0.0,1.0,2.0
AGO1J,4000.0,250.0,2800.86,10.0,12.0,7.0,5.0,49.0,12300.0,16.0,2.0,14.0,1920.0,0.0,1.0,2.0
1VGZE,4000.0,150.0,1797.66,7.0,10.04,30.0,1.81,21.27,11000.0,15.0,2.42,5.82,1920.0,0.0,1.0,2.0
BCWTT,2000.0,50.0,1169.46,25.0,7.29,4.91,1.99,18.0,10000.0,4.0,1.0,3.0,1919.0,0.0,1.0,2.0
5ZJUZ,2000.0,85.0,1752.52,,4.0,2.0,2.0,20.0,8000.0,6.0,3.0,3.0,1919.0,0.0,1.0,2.0
DXSZ0,3000.0,125.0,2296.44,20.0,8.0,5.0,3.0,20.0,80000.0,9.0,1.0,8.0,1919.0,0.0,1.0,2.0
7G881,,,1280.2,,8.31,7.84,2.12,35.7,,6.74,3.48,1.64,,1.0,0.0,
S0FZ4,,,1280.2,,8.31,7.84,2.12,35.7,,6.74,3.48,1.64,,1.0,0.0,
Q56VB,,,1280.2,,8.31,7.84,2.12,35.7,,6.74,3.48,1.64,,1.0,0.0,
0OVFU,,,1280.2,,8.31,7.84,2.12,35.7,,6.74,3.48,1.64,,1.0,0.0,
SB6NA,,,1280.2,,8.31,7.84,2.12,35.7,,6.74,3.48,1.64,,1.0,0.0,
HRX01,2500.0,150.0,2279.17,20.0,11.0,6.93,3.7,21.27,10000.0,15.0,2.49,5.82,1920.0,0.0,1.0,2.0
5271F,,150.0,2252.55,10.0,12.0,7.47,4.61,21.81,15000.0,10.0,2.39,3.67,1919.0,0.0,1.0,2.0
AQDWR,,,1660.5,,12.98,14.0,2.14,60.0,16600.0,44.0,2.0,42.0,1919.0,0.0,1.0,2.0
ZXQ8C,4000.0,200.0,3184.31,,11.39,7.28,2.15,40.0,17200.0,33.0,4.0,29.0,1920.0,0.0,1.0,2.0
QOGUZ,,70.0,2033.89,,18.0,8.0,10.0,16.0,10000.0,10.0,2.3,3.67,1918.0,0.0,1.0,2.0
SYBFK,,,1280.2,,8.31,7.84,2.12,35.7,,6.74,3.48,1.64,,0.0,0.0,
I2IGV,,,1280.2,,8.31,7.84,2.12,35.7,,6.74,3.48,1.64,,0.0,1.0,
HADZ3,,,1280.2,,8.31,7.84,2.12,35.7,,6.74,3.48,1.64,,1.0,0.0,
2UF2I,,,1280.2,,8.31,7.84,2.12,35.7,,6.74,3.48,1.64,,1.0,0.0,
CF7C2,,,1280.2,,8.31,7.84,2.12,35.7,,6.74,3.48,1.64,,0.0,0.0,
6ODH3,,,1280.2,,8.31,7.84,2.12,35.7,,6.74,3.48,1.64,,0.0,0.0,
VIX2M,,,1280.2,,8.31,7.84,2.12,35.7,,6.74,3.48,1.64,,0.0,0.0,
2X0JE,,,1280.2,,8.31,7.84,2.12,35.7,,6.74,3.48,1.64,,0.0,0.0,
I4LAA,,,1280.2,,8.31,7.84,2.12,35.7,,6.74,3.48,1.64,,0.0,0.0,
8DRFV,,,1280.2,,8.31,7.84,2.12,35.7,,6.74,3.48,1.64,,0.0,0.0,
9ZPGW,,,1280.2,,8.31,7.84,2.12,35.7,,6.74,3.48,1.64,,0.0,0.0,
KEOM1,,,1280.2,,8.31,7.84,2.12,35.7,,6.74,3.48,1.64,,0.0,0.0,
A29LE,,,1280.2,,8.31,7.84,2.12,35.7,,6.74,3.48,1.64,,0.0,0.0,
VQV6G,,,1280.2,,8.31,7.84,2.12,35.7,,6.74,3.48,1.64,,0.0,0.0,
02NS4,,,1343.33,,8.31,8.0,2.43,81.0,,6.74,3.48,1.64,1923.0,1.0,0.0,
5MBXZ,,,1280.2,,8.31,7.84,2.12,35.7,,6.74,3.48,1.64,,1.0,0.0,
H6812,6000.0,216.67,5354.24,,6.0,2.0,3.0,45.0,21000.0,44.0,4.0,40.0,1925.0,0.0,1.0,3.0
Y9LV6,,,1777.06,,10.0,5.03,5.04,35.7,,6.74,3.48,1.64,,0.0,0.0,
9K67X,,,1280.2,,8.31,7.84,2.12,35.7,,6.74,3.48,1.64,,0.0,0.0,
AY656,,,1280.2,,8.31,7.84,2.12,35.7,,6.74,3.48,1.64,,0.0,0.0,
YGHFT,800.0,50.0,1153.98,,2.0,2.11,2.06,21.27,1200.0,6.74,2.96,1.64,1912.0,1.0,0.0,
KHACU,,,1280.2,,8.31,7.84,2.12,35.7,,6.74,3.48,1.64,,1.0,0.0,
7V3PY,,,1146.66,,8.31,7.82,1.93,35.7,,1.0,2.98,1.64,,1.0,0.0,
WRL0K,,,1280.2,,8.31,7.84,2.12,35.7,,6.74,3.48,1.64,,1.0,0.0,
OOJ59,,,1280.2,,8.31,7.84,2.12,35.7,,6.74,3.48,1.64,,1.0,0.0,
TIAVT,,,1280.2,,8.31,7.84,2.12,35.7,,6.74,3.48,1.64,,1.0,0.0,
509S,,,1280.2,,8.31,7.84,2.12,35.7,,6.74,3.48,1.64,,1.0,0.0,
PZJ87,1750.0,225.0,2702.52,5.0,5.0,2.0,3.0,24.0,10000.0,7.0,3.0,4.0,1917.0,0.0,1.0,3.0
Y3DN3,,,1280.2,,8.31,7.84,2.12,35.7,,6.74,3.48,1.64,,0.0,0.0,
RM3X4,,,1280.2,,8.31,7.84,2.12,35.7,,6.74,3.48,1.64,,0.0,0.0,
U1ZOX,,,1280.2,,8.31,7.84,2.12,35.7,,6.74,3.48,1.64,,0.0,0.0,
DX2JL,,,1280.2,,8.31,7.84,2.12,35.7,,6.74,3.48,1.64,,0.0,0.0,
JFS8M,,,1280.2,,8.31,7.84,2.12,35.7,,6.74,3.48,1.64,,0.0,0.0,
OQW2D,,,1275.96,,7.29,9.26,2.25,25.0,10400.0,6.74,2.83,1.64,1922.0,1.0,0.0,
ULS89,,,1280.2,,8.31,7.84,2.12,35.7,,6.74,3.48,1.64,,1.0,0.0,
A4S77,,,1301.2,,8.31,8.35,2.13,35.7,,6.74,3.48,1.64,1922.0,1.0,0.0,
YFXJG,,,1280.2,,8.31,7.84,2.12,35.7,,6.74,3.48,1.64,,0.0,0.0,
FVNMX,,,1280.2,,8.31,7.84,2.12,35.7,,6.74,3.48,1.64,,0.0,0.0,
FPYA0,,,1280.2,,8.31,7.84,2.12,35.7,,6.74,3.48,1.64,,0.0,0.0,
3PFZG,,,1280.2,,8.31,7.84,2.12,35.7,,6.74,3.48,1.64,,0.0,0.0,
1XPJC,,,1280.2,,8.31,7.84,2.12,35.7,,6.74,3.48,1.64,,0.0,0.0,
9WCD7,,,1280.2,,8.31,7.84,2.12,35.7,,6.74,3.48,1.64,,0.0,0.0,
QTOGS,,,1280.2,,8.31,7.84,2.12,35.7,,6.74,3.48,1.64,,0.0,0.0,
7D2EB,,,1280.2,,8.31,7.84,2.12,35.7,,6.74,3.48,1.64,,0.0,0.0,
FL335,,,1280.2,,8.31,7.84,2.12,35.7,,6.74,3.48,1.64,,0.0,0.0,
DX5W3,3000.0,2042.0,3110.22,,25.21,6.86,0.86,35.7,99500.0,40.0,5.0,35.0,1921.0,0.0,1.0,2.0
V56S1,,,1280.2,,8.31,7.84,2.12,35.7,,6.74,3.48,1.64,,0.0,1.0,
67AIA,,,1280.2,,8.31,7.84,2.11,35.7,,6.74,3.48,1.64,,0.0,1.0,2.0
36PQL,,,1280.2,,8.31,7.84,2.12,35.7,,6.74,3.48,1.64,,1.0,0.0,
WVO3Y,,95.0,2647.18,10.0,16.81,7.77,0.99,35.7,,37.0,16.0,21.0,1921.0,0.0,1.0,4.0
72KNC,,95.0,2653.27,10.0,17.86,8.68,0.72,35.7,40000.0,37.0,16.0,21.0,1922.0,0.0,1.0,2.0
BM7J6,,,1280.2,,8.31,7.84,2.12,35.7,,6.74,3.48,1.64,,0.0,1.0,
2P98U,,,1280.2,,8.31,7.84,2.12,35.7,,6.74,3.48,1.64,,0.0,0.0,
H3C2U,,,1280.2,,8.31,7.84,2.12,35.7,,6.74,3.48,1.64,,0.0,0.0,
HYOS7,13000.0,349.99,5231.22,,48.0,16.02,15.11,38.21,30440.0,49.0,4.07,21.93,1912.0,0.0,1.0,3.0
YJASN,2000.0,90.0,1518.25,,9.81,8.0,1.94,28.0,9000.0,8.0,2.2,2.22,1920.0,0.0,1.0,2.0
9H34O,,,1280.2,,8.31,7.84,2.12,35.7,,6.74,3.48,1.64,,1.0,0.0,
8FDH9,4000.0,150.0,2656.91,,11.0,4.0,4.0,52.0,,5.0,3.0,2.0,1922.0,1.0,0.0,
3784R,4000.0,150.0,2737.54,,8.0,4.0,4.0,52.0,,5.0,3.0,2.0,1922.0,0.0,1.0,7.0
QMK73,,,1283.27,,10.1,7.84,2.12,35.7,,6.74,3.48,1.64,,0.0,1.0,3.0
306PO,,,1280.2,,8.31,7.84,2.11,35.7,,6.74,3.48,1.64,,0.0,1.0,1.0
SZDEE,,,1280.2,,8.31,7.84,2.12,35.7,,6.74,3.48,1.64,,0.0,0.0,
WOT3D,,,1280.2,,8.31,7.84,2.12,35.7,,6.74,3.48,1.64,,1.0,0.0,
EU73L,,,1280.2,,8.31,7.84,2.12,35.7,,6.74,3.48,1.64,,1.0,0.0,
C54P9,,,1280.2,,8.31,7.84,2.12,35.7,,6.74,3.48,1.64,,1.0,0.0,
30O8N,,,1280.2,,8.31,7.84,2.12,35.7,,6.74,3.48,1.64,,0.0,0.0,
ABO1C,,,1280.2,,8.31,7.84,2.12,35.7,,6.74,3.48,1.64,,0.0,0.0,
OZWMN,,2000.0,3400.19,,30.0,18.0,12.0,200.0,90000.0,88.0,8.0,80.0,1924.0,0.0,1.0,2.0
LI155,40000.0,342.0,6081.84,4.0,100.0,14.26,13.12,38.21,60000.0,7.0,4.0,3.0,1927.0,0.0,1.0,2.0
6PSOZ,,,1280.2,,8.31,7.84,2.12,35.7,,6.74,3.48,1.64,,1.0,0.0,
6MINA,38000.0,2000.0,6126.08,,80.0,17.0,13.58,225.0,150000.0,100.0,6.0,94.0,1925.0,0.0,1.0,3.0
96WCX,38000.0,2000.0,6126.08,,60.0,17.0,13.58,225.0,150000.0,90.0,6.0,84.0,1925.0,0.0,1.0,3.0
HXTXD,6000.0,300.0,5801.9,,50.0,13.22,11.7,50.0,35000.0,9.0,5.0,4.0,1919.0,0.0,1.0,2.0
14LGW,,,1280.2,,8.31,7.84,2.11,35.7,,6.74,3.48,1.64,,0.0,1.0,2.0
SDYO3,,,1280.2,,8.31,7.84,2.12,35.7,,6.74,3.48,1.64,,1.0,0.0,
YI9WQ,,,1280.2,,8.31,7.84,2.12,35.7,,6.74,3.48,1.64,,0.0,0.0,
1VMUL,,,1280.2,,8.31,7.84,2.12,35.7,,6.74,3.48,1.64,,0.0,0.0,
2A434,,,1280.2,,8.31,7.84,2.12,35.7,,6.74,3.48,1.64,,0.0,0.0,
9788W,,,1280.2,,8.31,7.84,2.12,35.7,,6.74,3.48,1.64,,0.0,0.0,
YGT76,,,1280.2,,8.31,7.84,2.11,35.7,,6.74,3.48,1.64,,0.0,1.0,1.0
GGHOZ,,,1280.2,,8.31,7.84,2.12,35.7,,6.74,3.48,1.64,,0.0,0.0,
AS910,,,1280.2,,8.31,7.84,2.12,35.7,,6.74,3.48,1.64,,0.0,0.0,
KG6C0,3333.0,,3350.0,,9.0,3.0,4.0,21.27,6000.0,9.0,3.0,6.0,1924.0,0.0,1.0,4.0
70S5W,,,1280.2,,8.31,7.84,2.12,35.7,,6.74,3.48,1.64,,1.0,0.0,
BQ3T8,,,1280.2,,8.31,7.84,2.12,35.7,,6.74,3.48,1.64,,0.0,0.0,
MC9TB,,,1280.2,,8.31,7.84,2.12,35.7,,6.74,3.48,1.64,,0.0,0.0,
9BW0G,,,1280.2,,8.31,7.84,2.12,35.7,,6.74,3.48,1.64,,0.0,0.0,
ZH5CV,,,1280.2,,8.31,7.84,2.12,35.7,,6.74,3.48,1.64,,0.0,0.0,
R7B60,,,1280.2,,8.31,7.84,2.12,35.7,,6.74,3.48,1.64,,1.0,0.0,
UJUI4,,,1280.2,,8.31,7.84,2.11,35.7,,6.74,3.48,1.64,,0.0,1.0,1.0
UQ83U,,,1280.2,,8.31,7.84,2.12,35.7,,6.74,3.48,1.64,,1.0,0.0,
BG670,1333.33,333.33,1416.67,,8.62,7.22,1.93,24.0,9850.0,23.0,4.0,19.0,1929.0,0.0,1.0,3.0
YQYOK,,,1280.2,,8.31,7.84,2.12,35.7,,6.74,3.48,1.64,,0.0,0.0,
2KTLQ,,,1280.2,,8.31,7.84,2.12,35.7,,6.74,3.48,1.64,,0.0,0.0,
QZVFD,,,1280.2,,8.31,7.84,2.12,35.7,,6.74,3.48,1.64,,0.0,0.0,
S55Q4,,,1280.2,,8.31,7.84,2.12,35.7,,6.74,3.48,1.64,,0.0,1.0,
AQGQB,,,1280.2,,8.31,7.84,2.12,35.7,,6.74,3.48,1.64,,0.0,0.0,
D221N,,,1280.2,,8.31,7.84,2.12,35.7,,6.74,3.48,1.64,,1.0,0.0,
FVP9U,,,1280.2,,8.31,7.84,2.12,35.7,,6.74,3.48,1.64,,0.0,0.0,
FQESQ,6000.0,84.0,5302.13,,25.0,5.0,5.0,80.0,20000.0,15.0,10.0,5.0,,0.0,1.0,2.0
SRB4M,,,1280.2,,8.31,7.84,2.12,35.7,,6.74,3.48,1.64,,0.0,0.0,
A131J,,,1280.2,,8.31,7.84,2.12,35.7,,6.74,3.48,1.64,,0.0,0.0,
V902W,,,1280.2,,8.31,7.84,2.12,35.7,,6.74,3.48,1.64,,0.0,0.0,
Z8XX4,,,1280.2,,8.31,7.84,2.12,35.7,,6.74,3.48,1.64,,0.0,0.0,
90TFV,,,1280.2,,8.31,7.84,2.12,35.7,,6.74,3.48,1.64,,0.0,0.0,
Q04BN,,,1280.2,,8.31,7.84,2.12,35.7,,6.74,3.48,1.64,,0.0,0.0,
Q1GA8,,,1280.2,,8.31,7.84,2.12,35.7,,6.74,3.48,1.64,,1.0,0.0,
R0UJU,,,1280.2,,8.31,7.84,2.12,35.7,,6.74,3.48,1.64,,1.0,0.0,
OMYFM,1000.0,,2456.53,,7.76,7.34,1.3,26.0,10000.0,17.0,6.0,11.0,1887.0,0.0,1.0,2.0
KFL3G,,200.0,3500.0,,8.06,8.36,1.82,35.7,30000.0,17.0,3.0,14.0,,0.0,1.0,3.0
BZN76,4160.0,,3000.0,,10.0,6.0,4.0,35.7,30000.0,17.0,4.0,13.0,1913.0,0.0,1.0,3.0
NFAIR,,,1000.0,90.0,21.0,13.0,8.0,38.21,30440.0,13.52,3.23,1.64,1919.0,0.0,1.0,8.0
F6Y1R,4000.0,,1900.0,30.0,9.0,4.0,5.0,35.7,,6.74,2.59,1.64,1908.0,0.0,1.0,3.0
FMOFR,,,1280.2,,8.31,7.84,2.12,35.7,,6.74,3.48,1.64,,0.0,0.0,
XF6CU,,,1280.2,,8.31,7.84,2.12,35.7,,6.74,3.48,1.64,,0.0,0.0,
49FH8,,,1280.2,,8.31,7.84,2.12,35.7,,6.74,3.48,1.64,,0.0,0.0,
CFY6G,,,1280.2,,8.31,7.84,2.12,35.7,,6.74,3.48,1.64,,0.0,0.0,
CENAP,,,1280.2,,8.31,7.84,2.12,35.7,,6.74,3.48,1.64,,0.0,0.0,
T8PN9,,,1280.2,,8.31,7.84,2.12,35.7,,6.74,3.48,1.64,,0.0,0.0,
DQLBF,,,1280.2,,8.31,7.84,2.12,35.7,,6.74,3.48,1.64,,0.0,0.0,
VKSNB,,,1280.2,,8.31,7.84,2.12,35.7,,6.74,3.48,1.64,,0.0,0.0,
Y02M2,,,1280.2,,8.31,7.84,2.12,35.7,,6.74,3.48,1.64,,0.0,0.0,
ABLAR,,,1280.2,,8.31,7.84,2.12,35.7,,6.74,3.48,1.64,,0.0,0.0,
UDO7B,,,1280.2,,8.31,7.84,2.12,35.7,,6.74,3.48,1.64,,0.0,0.0,
2FWYV,,,1280.2,,8.31,7.84,2.12,35.7,,6.74,3.48,1.64,,0.0,0.0,
4N54K,,,1280.2,,8.31,7.84,2.12,35.7,,6.74,3.48,1.64,,0.0,0.0,
Q2PH9,,417.0,2788.12,25.0,30.0,13.97,13.83,81.0,62500.0,17.0,3.99,7.07,,0.0,1.0,2.0
61RSM,,,1280.2,,8.31,7.84,2.11,35.7,,6.74,3.48,1.64,,0.0,1.0,2.0
ICO3P,,,1806.59,,14.88,9.05,1.83,35.7,30000.0,30.0,3.61,16.41,,0.0,1.0,
1VEQ8,5800.0,500.0,5793.03,,11.0,5.0,6.0,39.0,30000.0,20.0,5.0,15.0,1925.0,0.0,1.0,3.0
9JOFG,,,1806.59,,14.88,9.05,1.83,35.7,30000.0,30.0,3.61,16.41,,0.0,1.0,
GVDFE,,,1280.2,,8.31,7.84,2.12,35.7,,6.74,3.48,1.64,,0.0,0.0,
7TCE0,,,1280.2,,8.31,7.84,2.12,35.7,,6.74,3.48,1.64,,0.0,0.0,
OKTVH,,,1280.2,,8.31,7.84,2.11,35.7,,6.74,3.48,1.64,,0.0,1.0,1.0
LZGLF,,,1280.2,,8.31,7.84,2.12,35.7,,6.74,3.48,1.64,,0.0,0.0,
RQ6W3,,,1280.2,,8.31,7.84,2.12,35.7,,6.74,3.48,1.64,,0.0,0.0,
O19TP,,,1280.2,,8.31,7.84,2.12,35.7,,6.74,3.48,1.64,,0.0,0.0,
FRKHP,,,1280.2,,8.31,7.84,2.12,35.7,,6.74,3.48,1.64,,0.0,0.0,
P8BTO,,,1280.2,,8.31,7.84,2.12,35.7,,6.74,3.48,1.64,,0.0,0.0,
GLPLY,,,1280.2,,8.31,7.84,2.12,35.7,,6.74,3.48,1.64,,0.0,0.0,
19GOE,,,1280.2,,8.31,7.84,2.12,35.7,,6.74,3.48,1.64,,0.0,0.0,
9NWTA,,,1280.2,,8.31,7.84,2.12,35.7,,6.74,3.48,1.64,,0.0,0.0,
299VR,,,1280.2,,8.31,7.84,2.12,35.7,,6.74,3.48,1.64,,0.0,0.0,
TTJ69,,,1280.2,,8.31,7.84,2.12,35.7,,6.74,3.48,1.64,,0.0,0.0,
TB1TS,,,1280.2,,8.31,7.84,2.12,35.7,,6.74,3.48,1.64,,0.0,0.0,
R91IH,,,1280.2,,8.31,7.84,2.12,35.7,,6.74,3.48,1.64,,0.0,0.0,
DZLVN,,,1280.2,,8.31,7.84,2.12,35.7,,6.74,3.48,1.64,,0.0,0.0,
V97NP,,,1280.2,,8.31,7.84,2.12,35.7,,6.74,3.48,1.64,,0.0,0.0,
GXB7C,,,1280.2,,8.31,7.84,2.12,35.7,,6.74,3.48,1.64,,0.0,0.0,
EVCDJ,,,1280.2,,8.31,7.84,2.11,35.7,,6.74,3.48,1.64,,0.0,1.0,2.0
I2OHU,,,1288.47,,8.31,8.35,2.14,35.7,,6.74,3.48,1.64,1921.0,1.0,0.0,
C25H9,,,1280.2,,8.31,7.84,2.12,35.7,,6.74,3.48,1.64,,0.0,0.0,
HIRT7,,,1280.2,,8.31,7.84,2.12,35.7,,6.74,3.48,1.64,,0.0,0.0,
5YU60,2000.0,47.5,500.0,5.0,4.0,2.0,2.0,21.27,3000.0,1.0,1.0,0.001,1916.0,0.0,1.0,2.0
8MGMF,,,1280.2,,8.31,7.84,2.12,35.7,,6.74,3.48,1.64,,0.0,0.0,
U3UYH,,,1280.2,,8.31,7.84,2.12,35.7,,6.74,3.48,1.64,,0.0,0.0,
Z7NCA,8000.0,208.3333333,6000.0,30.0,8.0,4.0,4.0,40.0,7000.0,8.0,3.0,5.0,1919.0,0.0,1.0,2.0
6K4GD,5000.0,583.3333333,5911.81,,8.0,4.0,4.0,46.0,30000.0,45.0,4.0,41.0,1926.0,0.0,1.0,2.0
U6J85,5000.0,583.3333333,5911.81,,8.0,4.0,4.0,46.0,30000.0,45.0,4.0,41.0,1926.0,0.0,1.0,2.0
2N1A2,,,1280.2,,8.31,7.84,2.12,35.7,,6.74,3.48,1.64,,0.0,0.0,
CJU47,,,1960.64,,9.88,5.68,0.73,35.7,,5.0,5.0,0.001,1920.0,0.0,0.0,
QRIZ7,,,1280.2,,8.31,7.84,2.12,35.7,,6.74,3.48,1.64,,0.0,0.0,
N9K0L,,,1280.2,,8.31,7.84,2.12,35.7,,6.74,3.48,1.64,,0.0,0.0,
ADMJ2,,,1280.2,,8.31,7.84,2.12,35.7,,6.74,3.48,1.64,,0.0,1.0,
TRSIK,,,1280.2,,8.31,7.84,2.12,35.7,,6.74,3.48,1.64,,1.0,0.0,
JSFVU,,,1280.2,,8.31,7.84,2.12,35.7,,6.74,3.48,1.64,,1.0,0.0,
EAM9H,,,1280.2,,8.31,7.84,2.12,35.7,,6.74,3.48,1.64,,0.0,0.0,
4HN2W,,,1280.2,,8.31,7.84,2.12,35.7,,6.74,3.48,1.64,,0.0,1.0,
K9ORO,7500.0,,5123.52,30.0,14.0,6.08,5.84,23.78,12000.0,6.0,6.0,0.001,1931.0,0.0,1.0,3.0
6NULM,,,1382.85,40.0,18.0,10.0,1.0,35.0,15000.0,8.17,2.79,1.64,1919.0,0.0,1.0,2.0
BYSI3,,,1280.2,,8.31,7.84,2.12,35.7,,6.74,3.48,1.64,,0.0,0.0,
P4FWY,,,1280.2,,8.31,7.84,2.12,35.7,,6.74,3.48,1.64,,0.0,0.0,
B32EA,,,1280.2,,8.31,7.84,2.12,35.7,,6.74,3.48,1.64,,0.0,0.0,
TI1R6,,,1280.2,,8.31,7.84,2.12,35.7,,6.74,3.48,1.64,,0.0,0.0,
YGW3W,5000.0,175.0,4600.0,,11.0,5.13,4.16,35.7,,13.0,3.16,5.82,1922.0,0.0,1.0,2.0
N2DBN,,,1280.2,,8.31,7.84,2.12,35.7,,6.74,3.48,1.64,,0.0,1.0,
I8TLD,3300.0,175.0,2421.55,,8.0,4.0,4.0,20.0,24000.0,8.0,2.0,6.0,1916.0,0.0,1.0,2.0
JP41P,,,1280.2,,8.31,7.84,2.12,35.7,,6.74,3.48,1.64,,0.0,0.0,
EHHBE,,,1311.26,,10.1,7.84,2.12,35.7,,6.74,3.48,1.64,,0.0,1.0,5.0
OZO4B,,,1280.2,,8.31,7.84,2.12,35.7,,6.74,3.48,1.64,,0.0,0.0,
6YCDB,,350.0,3094.13,,8.14,8.79,1.02,35.7,20000.0,21.0,8.0,13.0,1923.0,0.0,1.0,4.0
QJ0RM,,,1280.2,,8.31,7.84,2.11,35.7,,6.74,3.48,1.64,,0.0,1.0,1.0
7WXFM,,,1280.2,,8.31,7.84,2.12,35.7,,6.74,3.48,1.64,,0.0,1.0,
ZHIL1,,,1280.2,,8.31,7.84,2.12,35.7,,6.74,3.48,1.64,,0.0,0.0,
5DBKQ,,,1280.2,,8.31,7.84,2.12,35.7,,6.74,3.48,1.64,,0.0,0.0,
CSG38,,,1280.2,,8.31,7.84,2.12,35.7,,6.74,3.48,1.64,,0.0,0.0,
7S2KZ,5000.0,225.0,5406.61,15.0,8.14,7.44,0.61,50.0,26000.0,17.0,5.0,12.0,1920.0,0.0,1.0,2.0
NM3S3,9000.0,,4838.37,,11.0,5.0,6.0,70.0,25300.0,12.09,6.0,1.64,1919.0,0.0,1.0,2.0
P1ILE,,2141.66,3421.45,20.0,30.0,18.0,12.0,80.99,110000.0,149.0,12.0,137.0,1926.0,1.0,0.0,
OUNPU,333.0,100.0,1971.13,10.0,3.0,2.59,1.64,13.0,8000.0,4.0,4.0,0.001,1922.0,0.0,1.0,2.0
SPPZ4,,,1280.2,,8.31,7.84,2.12,35.7,,6.74,3.48,1.64,,0.0,0.0,
B9LN4,,,1283.27,,10.1,7.84,2.12,35.7,,6.74,3.48,1.64,,0.0,1.0,3.0
VLBX7,4000.0,85.0,1330.51,,5.0,3.0,2.0,15.0,15000.0,5.0,2.0,3.0,1922.0,0.0,1.0,3.0
OQL8M,,,1280.2,,8.31,7.84,2.12,35.7,,6.74,3.48,1.64,,1.0,0.0,
M4HRX,,,1280.2,,8.31,7.84,2.12,35.7,,6.74,3.48,1.64,,0.0,0.0,
HTTP5,,,1280.2,,8.31,7.84,2.12,35.7,,6.74,3.48,1.64,,0.0,0.0,
UX3TW,,,1280.2,,8.31,7.84,2.12,35.7,,6.74,3.48,1.64,,0.0,0.0,
US0D8,,625.0,3325.64,,13.0,5.0,8.0,100.0,25000.0,8.0,4.0,4.0,1921.0,0.0,1.0,
0QUY,,625.0,3325.64,,13.0,5.0,8.0,100.0,25000.0,8.0,4.0,4.0,1921.0,1.0,0.0,
3ZFVR,,,1280.2,,8.31,7.84,2.12,35.7,,6.74,3.48,1.64,,0.0,0.0,
JYABH,,,1280.2,,8.31,7.84,2.12,35.7,,6.74,3.48,1.64,,0.0,0.0,
PYR3F,,,1280.2,,8.31,7.84,2.12,35.7,,6.74,3.48,1.64,,0.0,0.0,
XABNI,,,1280.2,,8.31,7.84,2.12,35.7,,6.74,3.48,1.64,,0.0,0.0,
7ZQ0B,,,1280.2,,8.31,7.84,2.12,35.7,,6.74,3.48,1.64,,0.0,0.0,
96L18,10000.0,349.99,4796.31,25.0,21.0,11.83,14.29,92.0,34000.0,20.4,3.51,1.64,1912.0,0.0,1.0,2.0
EIXRI,8000.0,,5418.44,15.0,17.0,10.0,7.0,40.0,10000.0,9.0,3.0,6.0,1911.0,0.0,1.0,4.0
3CANV,7000.0,625.0,5919.66,10.0,15.0,6.0,9.0,64.0,38500.0,40.0,3.0,37.0,1921.0,0.0,1.0,2.0
B2YHR,10000.0,349.99,4796.31,25.0,21.0,11.83,14.29,92.0,34000.0,20.4,3.51,1.64,1912.0,0.0,1.0,2.0
EU03B,,,1280.2,,8.31,7.84,2.12,35.7,,6.74,3.48,1.64,,0.0,0.0,
NDG11,,,1280.2,,8.31,7.84,2.12,35.7,,6.74,3.48,1.64,,0.0,0.0,
UNIF6,,,1283.27,,10.1,7.84,2.12,35.7,,6.74,3.48,1.64,,0.0,1.0,3.0
OFRH4,,,1729.51,,15.35,7.84,2.11,35.7,,44.0,3.61,22.82,1911.0,0.0,1.0,2.0
UY43A,1000.0,50.0,1071.49,,7.29,3.1,1.65,21.27,5000.0,1.0,1.0,0.001,1918.0,0.0,1.0,
CRRE4,5833.0,500.0,3916.42,,7.14,5.0,2.79,50.0,,6.74,3.21,1.64,1920.0,0.0,1.0,2.0
LOYDP,,416.7,1648.36,,8.31,8.04,2.14,35.7,,6.74,3.57,1.64,1920.0,0.0,1.0,2.0
FO81H,7000.0,200.0,4426.37,,10.0,6.0,4.0,30.0,10000.0,4.0,2.0,2.0,1918.0,0.0,1.0,2.0
W31ZR,3000.0,200.0,2795.45,25.0,12.0,6.84,4.7,60.0,12000.0,9.0,2.25,3.67,1920.0,0.0,1.0,2.0
4O756,6000.0,,5248.5,,10.0,5.0,5.0,80.0,20000.0,15.0,10.0,5.0,1920.0,0.0,1.0,3.0
QPGP6,,,1280.2,,8.31,7.84,2.12,35.7,,6.74,3.48,1.64,,0.0,0.0,
AALKF,,,1280.2,,8.31,7.84,2.12,35.7,,6.74,3.48,1.64,,0.0,0.0,
YTDFH,,215.0,2937.0,,17.0,11.16,6.04,110.0,21000.0,13.3,5.0,1.64,1917.0,0.0,1.0,2.0
S0TAT,,,1280.2,,8.31,7.84,2.12,35.7,,6.74,3.48,1.64,,0.0,0.0,
0BY3Z,3333.0,,1710.46,,7.67,6.82,2.33,65.0,21000.0,12.09,4.0,1.64,1929.0,0.0,1.0,3.0
OLFFR,4500.0,225.0,3148.04,10.0,9.0,4.85,4.01,30.0,20000.0,10.0,2.6,3.67,1917.0,0.0,1.0,3.0
57726,,,1280.2,,8.31,7.84,2.12,35.7,,6.74,3.48,1.64,,1.0,0.0,
N20AX,,,1280.2,,8.31,7.84,2.12,35.7,,6.74,3.48,1.64,,1.0,0.0,
JEVHQ,3000.0,175.0,2651.77,30.0,7.29,7.77,1.85,30.0,10000.0,15.0,3.0,12.0,1919.0,0.0,1.0,2.0
EPVQL,,,1280.2,,8.31,7.84,2.12,35.7,,6.74,3.48,1.64,,1.0,0.0,
UCPZD,,65.0,2309.47,15.0,7.0,3.5,3.76,21.27,5000.0,9.0,1.67,3.67,1912.0,0.0,1.0,2.0
734L9,900.0,150.0,1801.19,,6.8,4.0,2.34,24.0,4000.0,5.0,3.0,2.0,1920.0,0.0,1.0,5.0
YDBTG,,,1280.2,,8.31,7.84,2.12,35.7,,6.74,3.48,1.64,,1.0,0.0,
KQCZR,,,1280.2,,8.31,7.84,2.12,35.7,,6.74,3.48,1.64,,1.0,0.0,
VXEJZ,,,1280.2,,8.31,7.84,2.12,35.7,,6.74,3.48,1.64,,0.0,1.0,
X9W2K,,,1553.38,10.0,9.0,5.0,4.0,26.0,12000.0,6.0,1.61,1.64,1918.0,0.0,1.0,2.0
DT35W,,,1553.38,6.0,9.0,5.0,4.0,26.0,12000.0,6.0,1.61,1.64,1918.0,0.0,1.0,2.0
06ZMY,1500.0,40.0,963.01,30.0,5.0,2.0,3.0,13.0,5000.0,3.0,2.0,1.0,1919.0,0.0,1.0,2.0
UUD8G,,,1280.2,,8.31,7.84,2.12,35.7,,6.74,3.48,1.64,,0.0,1.0,
83RZR,2083.0,80.0,2396.58,4.5,7.0,3.0,4.0,21.0,6000.0,3.0,3.0,0.001,1917.0,0.0,1.0,2.0
D7FAH,2083.0,80.0,1129.13,4.0,6.51,3.0,2.82,21.0,6000.0,3.0,2.11,1.64,1917.0,0.0,1.0,2.0
XRP4X,,468.33,3458.73,20.0,11.0,5.0,6.0,40.0,31000.0,65.0,6.0,59.0,1926.0,0.0,1.0,2.0
GQG0M,,,1280.2,,8.31,7.84,2.12,35.7,,6.74,3.48,1.64,,1.0,0.0,
E24K5,,,2003.47,40.0,12.0,6.62,5.07,35.0,15000.0,18.0,2.74,7.07,1919.0,0.0,1.0,2.0
TRHWZ,,150.0,2299.71,20.0,12.0,6.82,5.19,40.0,11000.0,11.0,3.25,3.67,1918.0,0.0,1.0,2.0
4VRT6,4000.0,150.0,1797.66,7.0,10.04,30.0,1.81,21.27,11000.0,15.0,2.42,5.82,1920.0,0.0,1.0,2.0
AMT6C,,,1121.31,25.0,10.04,10.0,1.89,21.27,8000.0,6.0,1.67,1.64,1920.0,0.0,1.0,2.0
MN39O,3000.0,25.0,2094.21,20.0,8.0,5.0,3.0,20.0,8000.0,9.0,1.32,3.67,1919.0,0.0,1.0,2.0
544J3,,,1789.9,25.0,10.0,6.81,3.76,21.27,8000.0,6.0,1.0,5.0,1920.0,0.0,1.0,2.0
J4K1X,,,1227.52,,8.31,7.84,2.15,35.7,,6.74,3.48,1.64,1918.0,0.0,1.0,1.0
JM36P,,,1227.52,,8.31,7.84,2.15,35.7,,6.74,3.48,1.64,1918.0,0.0,1.0,2.0
CWQ7P,,,1280.2,,8.31,7.84,2.12,35.7,,6.74,3.48,1.64,,1.0,0.0,
KR7SM,,,1280.2,,8.31,7.84,2.12,35.7,,6.74,3.48,1.64,,1.0,0.0,
ZOF0S,,70.0,2216.56,,8.0,4.1,3.67,16.0,10000.0,10.0,1.71,3.67,1918.0,0.0,1.0,2.0
2C687,,,1280.2,,8.31,7.84,2.12,35.7,,6.74,3.48,1.64,,0.0,0.0,
JSRV7,,,1280.2,,8.31,7.84,2.12,35.7,,6.74,3.48,1.64,,0.0,0.0,
W37RM,,,1280.2,,8.31,7.84,2.12,35.7,,6.74,3.48,1.64,,0.0,0.0,
K9KRW,,,1280.2,,8.31,7.84,2.12,35.7,,6.74,3.48,1.64,,0.0,0.0,
F5W1A,,,1280.2,,8.31,7.84,2.12,35.7,,6.74,3.48,1.64,,1.0,0.0,
10VWA,,,1280.2,,8.31,7.84,2.12,35.7,,6.74,3.48,1.64,,0.0,1.0,
WIWUO,,,1280.2,,8.31,7.84,2.12,35.7,,6.74,3.48,1.64,,1.0,0.0,
O68KX,,,1280.2,,8.31,7.84,2.12,35.7,,6.74,3.48,1.64,,0.0,0.0,
HWB6S,,,1280.2,,8.31,7.84,2.12,35.7,,6.74,3.48,1.64,,0.0,0.0,
30FDD,,,1280.2,,8.31,7.84,2.12,35.7,,6.74,3.48,1.64,,0.0,0.0,
FVC0,,,1280.2,,8.31,7.84,2.12,35.7,,6.74,3.48,1.64,,0.0,0.0,
ESYX3,,,1280.2,,8.31,7.84,2.12,35.7,,6.74,3.48,1.64,,1.0,0.0,
3CFJE,,,1280.2,,8.31,7.84,2.12,35.7,,6.74,3.48,1.64,,0.0,0.0,
XXL62,,,1280.2,,8.31,7.84,2.12,35.7,,6.74,3.48,1.64,,0.0,1.0,
GORRP,,,1777.06,,10.0,5.03,5.04,35.7,,6.74,3.48,1.64,,0.0,0.0,
4YSX9,,,1280.2,,8.31,7.84,2.12,35.7,,6.74,3.48,1.64,,1.0,0.0,
MYKOB,,,1280.2,,8.31,7.84,2.12,35.7,,6.74,3.48,1.64,,1.0,0.0,
UAP4H,,,1280.2,,8.31,7.84,2.12,35.7,,6.74,3.48,1.64,,1.0,0.0,
PQYRG,,,1262.64,,8.31,7.82,1.76,35.7,,4.0,2.99,1.64,,1.0,0.0,
I9MQB,,,1280.2,,8.31,7.84,2.12,35.7,,6.74,3.48,1.64,,1.0,0.0,
IT57U,,,1280.2,,8.31,7.84,2.12,35.7,,6.74,3.48,1.64,,1.0,0.0,
OBRRK,,,1280.2,,8.31,7.84,2.12,35.7,,6.74,3.48,1.64,,1.0,0.0,
NL90J,,,1280.2,,8.31,7.84,2.12,35.7,,6.74,3.48,1.64,,1.0,0.0,
1WNLU,,,1280.2,,8.31,7.84,2.12,35.7,,6.74,3.48,1.64,,1.0,0.0,
DT81X,,,1280.2,,8.31,7.84,2.12,35.7,,6.74,3.48,1.64,,1.0,0.0,
TPXEV,,,1280.2,,8.31,7.84,2.12,35.7,,6.74,3.48,1.64,,1.0,0.0,
QT3UN,,,1280.2,,8.31,7.84,2.12,35.7,,6.74,3.48,1.64,,1.0,0.0,
2GOUV,,,1209.97,,8.31,7.84,1.94,35.7,,4.0,2.99,1.64,1906.0,1.0,0.0,
6ZJ2O,,,1280.2,,8.31,7.84,2.12,35.7,,6.74,3.48,1.64,,1.0,0.0,
CNFJ2,,,1280.2,,8.31,7.84,2.12,35.7,,6.74,3.48,1.64,,1.0,0.0,
QZUCG,,,1280.2,,8.31,7.84,2.12,35.7,,6.74,3.48,1.64,,1.0,0.0,
NIDG0,,,1262.64,,8.31,7.82,1.93,35.7,,3.0,2.99,1.64,,1.0,0.0,
Y4IX8,,,1230.07,,7.29,7.49,1.99,21.27,2400.0,4.0,1.72,1.64,,1.0,0.0,
BL6K8,,,1216.08,33.0,7.29,7.52,2.2,21.27,2400.0,4.0,1.68,1.64,1903.0,1.0,0.0,
CQ0EJ,,,1280.2,,8.31,7.84,2.12,35.7,,6.74,3.48,1.64,,1.0,0.0,
QOBXV,,,1280.2,,8.31,7.84,2.12,35.7,,6.74,3.48,1.64,,1.0,0.0,
QA0PQ,,,1280.2,,8.31,7.84,2.12,35.7,,6.74,3.48,1.64,,1.0,0.0,
13D4N,,,1280.2,,8.31,7.84,2.12,35.7,,6.74,3.48,1.64,,1.0,0.0,
YV08B,,,1280.2,,8.31,7.84,2.12,35.7,,6.74,3.48,1.64,,1.0,0.0,
AUROZ,,,1280.2,,8.31,7.84,2.12,35.7,,6.74,3.48,1.64,,1.0,0.0,
P5CJA,,,1280.2,,8.31,7.84,2.12,35.7,,6.74,3.48,1.64,,1.0,0.0,
O2FJZ,,,1280.2,,8.31,7.84,2.12,35.7,,6.74,3.48,1.64,,0.0,0.0,
AB98B,667.0,,1243.46,,7.95,6.67,2.06,35.7,,6.74,2.87,1.64,1921.0,1.0,0.0,
PFKA6,4000.0,150.0,2271.25,,22.0,10.0,12.0,16.0,10000.0,12.0,3.15,3.67,1922.0,1.0,0.0,
